{"cameraMode":{"drawMode":0,"name":"Shaded","section":"Shading Mode"},"sceneLighting":false,"audioPlay":false,"sceneViewState":{"m_AlwaysRefresh":false,"showFog":true,"showSkybox":false,"showFlares":true,"showImageEffects":true,"showParticleSystems":true,"showVisualEffectGraphs":true,"m_FxEnabled":true},"in2DMode":false,"pivot":{"x":0.011288829147815705,"y":0.027474509552121164,"z":0.036484330892562869},"rotation":{"x":-0.05117916315793991,"y":-0.9440001845359802,"z":0.17652244865894319,"w":-0.2746439278125763},"size":0.07490361481904984,"orthographic":false}